aa9fb2,127.0.0.1,GET,http://bolt-preso-orig.localhost/bolt/,1444915338,
97d8e9,127.0.0.1,GET,http://bolt-preso-orig.localhost/async/latestactivity,1444915338,
8cb2e8,127.0.0.1,GET,http://bolt-preso-orig.localhost/async/dashboardnews,1444915341,b78b44
903ca1,127.0.0.1,GET,http://bolt-preso-orig.localhost/async/showstack?items=10,1444915341,b78b44
1b3d5f,127.0.0.1,GET,http://bolt-preso-orig.localhost/async/latestactivity,1444915341,b78b44
b78b44,127.0.0.1,GET,http://bolt-preso-orig.localhost/bolt,1444915341,
331a9a,127.0.0.1,GET,http://bolt-preso-orig.localhost/thumbs/54x41c//2013-10/twig.png,1444915342,
ffa860,127.0.0.1,GET,http://bolt-preso-orig.localhost/thumbs/100x100c/2014-07/square_peg_in_a_round_hole.jpg,1444915343,
6bba23,127.0.0.1,GET,http://bolt-preso-orig.localhost/thumbs/100x100c/2014-07/Pest-Control-Wigan.jpg,1444915345,
6bf7e5,127.0.0.1,GET,http://bolt-preso-orig.localhost/thumbs/100x100c/2014-08/logo-composer-transparent.png,1444915345,
5638ba,127.0.0.1,GET,http://bolt-preso-orig.localhost/thumbs/100x100c/2014-08/standards.png,1444915345,
4bfc84,127.0.0.1,GET,http://bolt-preso-orig.localhost/thumbs/100x100c/2014-08/Pony%20Trick%202800.jpg,1444915346,
0cfb00,127.0.0.1,GET,http://bolt-preso-orig.localhost/thumbs/100x100c/2014-07/venn-cms%202.png,1444915348,
6e392d,127.0.0.1,GET,http://bolt-preso-orig.localhost/bolt/dbcheck,1444915349,
ca0962,127.0.0.1,GET,http://bolt-preso-orig.localhost/thumbs/100x100c/2014-07/plate-of-spaghetti.png,1444915350,
e33849,127.0.0.1,POST,http://bolt-preso-orig.localhost/bolt/dbupdate,1444915353,
0f51af,127.0.0.1,GET,http://bolt-preso-orig.localhost/bolt/dbupdate_result?messages=%5B%22Updated%20%60bolt_authtoken%60%20table%20to%20match%20current%20schema.%22%2C%22Updated%20%60bolt_users%60%20table%20to%20match%20current%20schema.%22%2C%22Created%20table%20%60bolt_log_system%60.%22%2C%22Created%20table%20%60bolt_log_change%60.%22%2C%22Updated%20%60bolt_cron%60%20table%20to%20match%20current%20schema.%22%2C%22Updated%20%60bolt_slides%60%20table%20to%20match%20current%20schema.%22%2C%22Updated%20%60bolt_pages%60%20table%20to%20match%20current%20schema.%22%2C%22Updated%20%60bolt_kitchensink%60%20table%20to%20match%20current%20schema.%22%5D,1444915354,
a31e4c,127.0.0.1,GET,http://bolt-preso-orig.localhost/bolt/dbcheck,1444915357,
bc6cbd,127.0.0.1,POST,http://bolt-preso-orig.localhost/bolt/dbupdate,1444915360,
829d35,127.0.0.1,GET,http://bolt-preso-orig.localhost/bolt/dbupdate_result?messages=%5B%22Updated%20%60bolt_cron%60%20table%20to%20match%20current%20schema.%22%5D,1444915361,
8738e3,127.0.0.1,GET,http://bolt-preso-orig.localhost/bolt/dbcheck,1444915364,
61d54e,127.0.0.1,GET,http://bolt-preso-orig.localhost/async/dashboardnews,1444915419,35249a
11cf45,127.0.0.1,GET,http://bolt-preso-orig.localhost/async/showstack?items=10,1444915419,35249a
060714,127.0.0.1,GET,http://bolt-preso-orig.localhost/async/latestactivity,1444915419,35249a
35249a,127.0.0.1,GET,http://bolt-preso-orig.localhost/bolt,1444915419,
2cbee8,127.0.0.1,GET,http://bolt-preso-orig.localhost/thumbs/100x100c/2014-08/Pony%20Trick%202800.jpg,1444915420,
ab503b,127.0.0.1,GET,http://bolt-preso-orig.localhost/thumbs/100x100c/2014-08/standards.png,1444915420,
4edbfc,127.0.0.1,GET,http://bolt-preso-orig.localhost/thumbs/100x100c/2014-07/Pest-Control-Wigan.jpg,1444915420,
1d67ee,127.0.0.1,GET,http://bolt-preso-orig.localhost/thumbs/100x100c/2014-07/square_peg_in_a_round_hole.jpg,1444915420,
dd3cc3,127.0.0.1,GET,http://bolt-preso-orig.localhost/thumbs/100x100c/2014-08/logo-composer-transparent.png,1444915421,
a4eb3c,127.0.0.1,GET,http://bolt-preso-orig.localhost/thumbs/54x41c//2013-10/twig.png,1444915421,
c8965c,127.0.0.1,GET,http://bolt-preso-orig.localhost/thumbs/100x100c/2014-07/venn-cms%202.png,1444915422,
573809,127.0.0.1,GET,http://bolt-preso-orig.localhost/thumbs/100x100c/2014-07/plate-of-spaghetti.png,1444915422,
bb04d4,127.0.0.1,GET,http://bolt-preso-orig.localhost/async/lastmodified/slides,1444915429,6b196d
6b196d,127.0.0.1,GET,http://bolt-preso-orig.localhost/bolt/overview/slides,1444915429,
733f80,127.0.0.1,GET,http://bolt-preso-orig.localhost/thumbs/80x60c/2014-07/venn-cms%202.png,1444915430,
9bec09,127.0.0.1,GET,http://bolt-preso-orig.localhost/thumbs/80x60c/2014-07/square_peg_in_a_round_hole.jpg,1444915430,
994d4a,127.0.0.1,GET,http://bolt-preso-orig.localhost/thumbs/80x60c/2014-07/Pest-Control-Wigan.jpg,1444915431,
4d08ab,127.0.0.1,GET,http://bolt-preso-orig.localhost/thumbs/80x60c/2014-07/plate-of-spaghetti.png,1444915432,
69f93f,127.0.0.1,GET,http://bolt-preso-orig.localhost/thumbs/80x60c//2013-10/twig.png,1444915432,
78bc2f,127.0.0.1,GET,http://bolt-preso-orig.localhost/thumbs/80x60c/2014-08/Pony%20Trick%202800.png,1444915432,
307322,127.0.0.1,GET,http://bolt-preso-orig.localhost/,1444915474,
